Size, Linear Gauss, Tiled Single Thred, OpenMP(outer), OpenMP(inner)
2000,31.0986,21.9951,15.4755,15.3804
1000,3.91521,2.7018,1.93301,1.9186
1000,3.90305,2.70404,1.9314,1.90486
3000,105.931,74.1101,51.7272,51.4397
